<?xml version="1.0" encoding="UTF-8"?>
<project-private xmlns="http://www.netbeans.org/ns/project-private/1">
    <editor-bookmarks xmlns="http://www.netbeans.org/ns/editor-bookmarks/2" lastBookmarkId="0"/>
    <open-files xmlns="http://www.netbeans.org/ns/projectui-open-files/2">
        <group>
            <file>file:/G:/3ºSemestre/LP3/Aula/2014-11-25/Outra/JavaApplication20/src/Main/VisualizarProdutoJPanel.java</file>
            <file>file:/G:/3ºSemestre/LP3/Aula/2014-11-25/Outra/JavaApplication20/src/Main/LojaClienteJFrame.java</file>
        </group>
    </open-files>
</project-private>
